9788177581801,NOT FOUND,NOT FOUND
9788177581805,Vogels Textbook Of Quantitative Chemical Analysis, / Mendham
9788177581805,Vogels Textbook Of Quantitative Chemical Analysis, / Mendham
9788177581803,NOT FOUND,NOT FOUND
9788177581805,Vogels Textbook Of Quantitative Chemical Analysis, / Mendham
9788177581823,NOT FOUND,NOT FOUND
9788177581805,Vogels Textbook Of Quantitative Chemical Analysis, / Mendham
9788177581805,Vogels Textbook Of Quantitative Chemical Analysis, / Mendham
9788177581805,Vogels Textbook Of Quantitative Chemical Analysis, / Mendham
9788177581805,Vogels Textbook Of Quantitative Chemical Analysis, / Mendham
